{"cameraMode":{"drawMode":0,"name":"Shaded","section":"Shading Mode"},"sceneLighting":false,"audioPlay":false,"sceneViewState":{"m_AlwaysRefresh":false,"showFog":true,"showSkybox":false,"showFlares":true,"showImageEffects":true,"showParticleSystems":true,"showVisualEffectGraphs":true,"m_FxEnabled":true},"in2DMode":false,"pivot":{"x":-0.11330398917198181,"y":0.8794156908988953,"z":-0.0622938871383667},"rotation":{"x":0.010790812782943249,"y":-0.009003516286611557,"z":-0.00009063572360901162,"w":-0.9999417066574097},"size":1.0192383527755738,"orthographic":true}