{"cameraMode":{"drawMode":0,"name":"Shaded","section":"Shading Mode"},"sceneLighting":false,"audioPlay":false,"sceneViewState":{"m_AlwaysRefresh":false,"showFog":true,"showSkybox":false,"showFlares":true,"showImageEffects":true,"showParticleSystems":true,"showVisualEffectGraphs":true,"m_FxEnabled":true},"in2DMode":false,"pivot":{"x":0.2240000069141388,"y":3.308000087738037,"z":0.5740000009536743},"rotation":{"x":-0.007459814194589853,"y":0.9924813508987427,"z":-0.09197728335857392,"w":-0.0805651992559433},"size":8.995226860046387,"orthographic":false}