{"cameraMode":{"drawMode":0,"name":"Shaded","section":"Shading Mode"},"sceneLighting":false,"audioPlay":false,"sceneViewState":{"m_AlwaysRefresh":false,"showFog":true,"showSkybox":false,"showFlares":true,"showImageEffects":true,"showParticleSystems":true,"showVisualEffectGraphs":true,"m_FxEnabled":true},"in2DMode":false,"pivot":{"x":-2.801060676574707,"y":1.586212396621704,"z":0.19363342225551606},"rotation":{"x":0.023878518491983415,"y":-0.7477524876594544,"z":0.026930764317512513,"w":0.6630054116249085},"size":2.2441341876983644,"orthographic":true}